PDB ID,Chain,Res Name,Res ID,Pre pKa,Cal pKa,Expt pKa,model pKa,Pre pKa shift,Cal pKa shift,Expt pKa shift,|Pre pKa shift|,|Cal pKa shift|,|Expt pKa shift|,Pre - Expt pKa,Cal - Expt pKa,Pre - Cal pKa,|Pre - Expt pKa|,|Cal - Expt pKa|,|Pre - Cal pKa|
1BNI,B,HIS,102,6.6686973571777335,6.885498361483272,6.3,6.34,0.3286973571777345,0.545498361483272,-0.040000000000000036,0.3286973571777345,0.545498361483272,0.040000000000000036,0.36869735717773366,0.5854983614832721,-0.2168010043055384,0.36869735717773366,0.5854983614832721,0.2168010043055384
1DWR,A,HIS,113,5.093486785888672,6.2212739083582935,5.87,6.34,-1.2465132141113278,-0.11872609164170632,-0.4699999999999998,1.2465132141113278,0.11872609164170632,0.4699999999999998,-0.7765132141113282,0.3512739083582934,-1.1277871224696217,0.7765132141113282,0.3512739083582934,1.1277871224696217
1DE3,A,HIS,36,6.939291954040527,7.003786974652817,6.8,6.34,0.5992919540405275,0.6637869746528171,0.46,0.5992919540405275,0.6637869746528171,0.46,0.13929195404052752,0.20378697465281714,-0.06449502061228962,0.13929195404052752,0.20378697465281714,0.06449502061228962
6GST,A,HIS,84,6.792508125305176,7.130323902497814,7.08,6.34,0.4525081253051759,0.7903239024978141,0.7400000000000002,0.4525081253051759,0.7903239024978141,0.7400000000000002,-0.2874918746948243,0.05032390249781393,-0.3378157771926382,0.2874918746948243,0.05032390249781393,0.3378157771926382
1BVI,B,HIS,92,6.591532230377197,7.437109166662017,7.31,6.34,0.2515322303771974,1.0971091666620172,0.9699999999999998,0.2515322303771974,1.0971091666620172,0.9699999999999998,-0.7184677696228023,0.12710916666201744,-0.8455769362848198,0.7184677696228023,0.12710916666201744,0.8455769362848198
1A6K,A,HIS,113,5.117053985595703,6.135810492570418,5.44,6.34,-1.2229460144042967,-0.20418950742958145,-0.8999999999999995,1.2229460144042967,0.20418950742958145,0.8999999999999995,-0.32294601440429727,0.695810492570418,-1.0187565069747153,0.32294601440429727,0.695810492570418,1.0187565069747153
4HHB,A,HIS,89,6.61913537979126,6.3514247409942195,7.2,6.34,0.2791353797912599,0.01142474099421964,0.8600000000000003,0.2791353797912599,0.01142474099421964,0.8600000000000003,-0.5808646202087404,-0.8485752590057807,0.26771063879704027,0.5808646202087404,0.8485752590057807,0.26771063879704027
1FKS,A,HIS,94,6.111442565917969,7.052013758375425,5.84,6.34,-0.2285574340820311,0.7120137583754254,-0.5,0.2285574340820311,0.7120137583754254,0.5,0.2714425659179689,1.2120137583754254,-0.9405711924574565,0.2714425659179689,1.2120137583754254,0.9405711924574565
4MBN,A,HIS,116,6.689585208892822,5.876704974189433,6.66,6.34,0.3495852088928224,-0.4632950258105666,0.3200000000000003,0.3495852088928224,0.4632950258105666,0.3200000000000003,0.029585208892822124,-0.7832950258105669,0.812880234703389,0.029585208892822124,0.7832950258105669,0.812880234703389
1DE3,A,HIS,50,6.287810325622559,7.582296683754665,7.7,6.34,-0.052189674377441264,1.2422966837546652,1.3600000000000003,0.052189674377441264,1.2422966837546652,1.3600000000000003,-1.4121896743774416,-0.11770331624533537,-1.2944863581321062,1.4121896743774416,0.11770331624533537,1.2944863581321062
4HHB,A,HIS,50,6.682953357696532,6.39808597248037,7.2,6.34,0.3429533576965333,0.058085972480370174,0.8600000000000003,0.3429533576965333,0.058085972480370174,0.8600000000000003,-0.5170466423034679,-0.8019140275196301,0.2848673852161623,0.5170466423034679,0.8019140275196301,0.2848673852161623
1DWR,A,HIS,119,5.969888687133789,6.784473944493552,6.56,6.34,-0.3701113128662108,0.44447394449355215,0.21999999999999972,0.3701113128662108,0.44447394449355215,0.21999999999999972,-0.5901113128662105,0.2244739444935524,-0.814585257359763,0.5901113128662105,0.2244739444935524,0.814585257359763
1YGW,A,HIS,92,6.846315383911133,7.0243989142740055,7.31,6.34,0.506315383911133,0.6843989142740057,0.9699999999999998,0.506315383911133,0.6843989142740057,0.9699999999999998,-0.4636846160888668,-0.2856010857259941,-0.17808353036287272,0.4636846160888668,0.2856010857259941,0.17808353036287272
1A6K,A,HIS,116,6.2055397033691415,5.85659443560221,6.49,6.34,-0.13446029663085926,-0.4834055643977901,0.15000000000000036,0.13446029663085926,0.4834055643977901,0.15000000000000036,-0.2844602966308587,-0.6334055643977905,0.3489452677669318,0.2844602966308587,0.6334055643977905,0.3489452677669318
1YGW,A,HIS,40,5.38258171081543,7.48862191855934,7.44,6.34,-0.9574182891845702,1.14862191855934,1.1000000000000003,0.9574182891845702,1.14862191855934,1.1000000000000003,-2.0574182891845707,0.048621918559339505,-2.10604020774391,2.0574182891845707,0.048621918559339505,2.10604020774391
1DE3,A,HIS,82,7.625567436218263,6.167764712592084,7.3,6.34,1.285567436218262,-0.17223528740791585,0.96,1.285567436218262,0.17223528740791585,0.96,0.3255674362182628,-1.1322352874079158,1.4578027236261786,0.3255674362182628,1.1322352874079158,1.4578027236261786
2CPL,A,HIS,70,6.643370628356934,6.492959630075838,5.84,6.34,0.3033706283569337,0.1529596300758378,-0.5,0.3033706283569337,0.1529596300758378,0.5,0.8033706283569337,0.6529596300758378,0.15041099828109594,0.8033706283569337,0.6529596300758378,0.15041099828109594
1YPH,C,HIS,57,6.679300785064697,5.945347753223968,6.14,6.34,0.3393007850646974,-0.3946522467760323,-0.20000000000000015,0.3393007850646974,0.3946522467760323,0.20000000000000015,0.5393007850646976,-0.1946522467760321,0.7339530318407297,0.5393007850646976,0.1946522467760321,0.7339530318407297
1DG9,A,HIS,72,6.043894767761231,6.695494698327893,9.19,6.34,-0.2961052322387694,0.3554946983278944,2.85,0.2961052322387694,0.3554946983278944,2.85,-3.146105232238768,-2.494505301672106,-0.651599930566662,3.146105232238768,2.494505301672106,0.651599930566662
1A6K,A,HIS,119,5.218682289123535,6.788591923535563,6.13,6.34,-1.1213177108764647,0.4485919235355631,-0.21,1.1213177108764647,0.4485919235355631,0.21,-0.9113177108764647,0.6585919235355631,-1.5699096344120278,0.9113177108764647,0.6585919235355631,1.5699096344120278
1A6K,A,HIS,36,7.392399311065674,7.944717158614715,8.06,6.34,1.0523993110656742,1.604717158614715,1.7200000000000006,1.0523993110656742,1.604717158614715,1.7200000000000006,-0.6676006889343267,-0.11528284138528555,-0.5523178475490411,0.6676006889343267,0.11528284138528555,0.5523178475490411
1DE3,A,HIS,92,6.466740608215332,7.045360642150881,6.9,6.34,0.12674060821533215,0.7053606421508816,0.5600000000000005,0.12674060821533215,0.7053606421508816,0.5600000000000005,-0.4332593917846683,0.14536064215088107,-0.5786200339355494,0.4332593917846683,0.14536064215088107,0.5786200339355494
1DE3,A,HIS,104,6.6584343910217285,6.250693690794869,6.6,6.34,0.31843439102172866,-0.0893063092051305,0.2599999999999998,0.31843439102172866,0.0893063092051305,0.2599999999999998,0.05843439102172887,-0.3493063092051303,0.40774070022685915,0.05843439102172887,0.3493063092051303,0.40774070022685915
1STG,A,HIS,46,5.979134559631348,4.691990975004028,5.8,6.34,-0.3608654403686522,-1.6480090249959716,-0.54,0.3608654403686522,1.6480090249959716,0.54,0.17913455963134783,-1.1080090249959715,1.2871435846273194,0.17913455963134783,1.1080090249959715,1.2871435846273194
4LZT,A,HIS,15,5.693920135498048,6.5077369897412805,5.36,6.34,-0.646079864501953,0.1677369897412806,-0.9799999999999996,0.646079864501953,0.1677369897412806,0.9799999999999996,0.33392013549804744,1.1477369897412801,-0.8138168542432327,0.33392013549804744,1.1477369897412801,0.8138168542432327
1A6K,A,HIS,97,4.785409450531006,4.236466577979273,5.63,6.34,-1.5545905494689942,-2.1035334220207265,-0.71,1.5545905494689942,2.1035334220207265,0.71,-0.844590549468994,-1.3935334220207265,0.5489428725517325,0.844590549468994,1.3935334220207265,0.5489428725517325
1H4G,B,HIS,60,5.34627628326416,4.081237269671108,4.01,6.34,-0.9937237167358396,-2.2587627303288915,-2.33,0.9937237167358396,2.2587627303288915,2.33,1.3362762832641604,0.07123726967110855,1.2650390135930518,1.3362762832641604,0.07123726967110855,1.2650390135930518
1KF3,A,HIS,12,5.571829795837402,7.111743845572515,6.0,6.34,-0.7681702041625975,0.771743845572515,-0.33999999999999986,0.7681702041625975,0.771743845572515,0.33999999999999986,-0.42817020416259766,1.1117438455725148,-1.5399140497351125,0.42817020416259766,1.1117438455725148,1.5399140497351125
1DE3,A,HIS,35,7.0705013275146475,6.468527482288987,6.3,6.34,0.7305013275146486,0.12852748228898747,-0.040000000000000036,0.7305013275146486,0.12852748228898747,0.040000000000000036,0.7705013275146477,0.1685274822889875,0.6019738452256602,0.7705013275146477,0.1685274822889875,0.6019738452256602
1LNI,A,HIS,53,7.2189435958862305,8.854238331157928,8.27,6.34,0.8789435958862306,2.5142383311579284,1.93,0.8789435958862306,2.5142383311579284,1.93,-1.051056404113769,0.5842383311579287,-1.6352947352716978,1.051056404113769,0.5842383311579287,1.6352947352716978
6GST,A,HIS,167,7.427308559417725,6.5308048723796395,7.77,6.34,1.0873085594177248,0.1908048723796396,1.4299999999999995,1.0873085594177248,0.1908048723796396,1.4299999999999995,-0.34269144058227496,-1.23919512762036,0.8965036870380851,0.34269144058227496,1.23919512762036,0.8965036870380851
1B2X,A,HIS,102,6.117903709411621,6.836349242069797,6.3,6.34,-0.2220962905883788,0.4963492420697975,-0.040000000000000036,0.2220962905883788,0.4963492420697975,0.040000000000000036,-0.18209629058837873,0.5363492420697975,-0.7184455326581762,0.18209629058837873,0.5363492420697975,0.7184455326581762
1STG,A,HIS,124,6.1010704040527335,5.654136264986055,5.99,6.34,-0.2389295959472655,-0.6858637350139452,-0.34999999999999964,0.2389295959472655,0.6858637350139452,0.34999999999999964,0.11107040405273327,-0.3358637350139455,0.4469341390666788,0.11107040405273327,0.3358637350139455,0.4469341390666788
1DUK,A,HIS,81,6.966627597808838,6.599948355624659,6.58,6.34,0.626627597808838,0.2599483556246591,0.2400000000000002,0.626627597808838,0.2599483556246591,0.2400000000000002,0.3866275978088378,0.01994835562465891,0.3666792421841789,0.3866275978088378,0.01994835562465891,0.3666792421841789
1BNI,B,HIS,18,7.330759525299072,8.011892697248953,7.75,6.34,0.9907595252990724,1.6718926972489534,1.41,0.9907595252990724,1.6718926972489534,1.41,-0.41924047470092773,0.26189269724895325,-0.681133171949881,0.41924047470092773,0.26189269724895325,0.681133171949881
4MBN,A,HIS,36,7.22516918182373,7.7388538537864004,7.83,6.34,0.8851691818237306,1.3988538537864006,1.4900000000000002,0.8851691818237306,1.3988538537864006,1.4900000000000002,-0.6048308181762705,-0.09114614621359962,-0.5136846719626709,0.6048308181762705,0.09114614621359962,0.5136846719626709
1DE3,A,HIS,150,6.24846076965332,6.0956377648908,7.6,6.34,-0.09153923034667956,-0.2443622351092003,1.2599999999999998,0.09153923034667956,0.2443622351092003,1.2599999999999998,-1.3515392303466793,-1.5043622351092,0.15282300476252075,1.3515392303466793,1.5043622351092,0.15282300476252075
1DWR,A,HIS,36,7.264784336090088,8.12488608368869,7.8,6.34,0.924784336090088,1.7848860836886902,1.46,0.924784336090088,1.7848860836886902,1.46,-0.5352156639099119,0.32488608368869,-0.8601017475986019,0.5352156639099119,0.32488608368869,0.8601017475986019
1A6K,A,HIS,81,6.6142520904541025,6.8483740707189975,6.68,6.34,0.2742520904541017,0.5083740707189977,0.33999999999999986,0.2742520904541017,0.5083740707189977,0.33999999999999986,-0.06574790954589727,0.1683740707189978,-0.23412198026489506,0.06574790954589727,0.1683740707189978,0.23412198026489506
1A6K,A,HIS,48,6.311789989471436,4.935213231539102,5.25,6.34,-0.02821001052856431,-1.404786768460898,-1.09,0.02821001052856431,1.404786768460898,1.09,1.0617899894714364,-0.31478676846089826,1.3765767579323347,1.0617899894714364,0.31478676846089826,1.3765767579323347
1YGW,A,HIS,27,8.174947738647461,6.7860854361819625,7.57,6.34,1.8349477386474609,0.4460854361819626,1.2300000000000004,1.8349477386474609,0.4460854361819626,1.2300000000000004,0.6049477386474607,-0.7839145638180378,1.3888623024654985,0.6049477386474607,0.7839145638180378,1.3888623024654985
1FKS,A,HIS,87,5.730748176574707,6.397138145366433,6.51,6.34,-0.6092518234252928,0.0571381453664328,0.16999999999999993,0.6092518234252928,0.0571381453664328,0.16999999999999993,-0.7792518234252928,-0.11286185463356713,-0.6663899687917256,0.7792518234252928,0.11286185463356713,0.6663899687917256
1DWR,A,HIS,48,6.051076889038086,5.592350911960366,5.62,6.34,-0.2889231109619139,-0.7476490880396343,-0.7199999999999998,0.2889231109619139,0.7476490880396343,0.7199999999999998,0.43107688903808583,-0.027649088039634506,0.45872597707772034,0.43107688903808583,0.027649088039634506,0.45872597707772034
1STN,A,HIS,121,5.5298027992248535,6.156088088599317,5.3,6.34,-0.8101972007751463,-0.18391191140068308,-1.04,0.8101972007751463,0.18391191140068308,1.04,0.2298027992248537,0.856088088599317,-0.6262852893744633,0.2298027992248537,0.856088088599317,0.6262852893744633
1QH7,A,HIS,60,4.99896240234375,4.100758671409394,4.01,6.34,-1.34103759765625,-2.2392413285906057,-2.33,1.34103759765625,2.2392413285906057,2.33,0.9889624023437502,0.09075867140939398,0.8982037309343562,0.9889624023437502,0.09075867140939398,0.8982037309343562
3SRN,A,HIS,105,6.150172710418701,6.393897964097137,6.82,6.34,-0.18982728958129869,0.05389796409713732,0.4800000000000004,0.18982728958129869,0.05389796409713732,0.4800000000000004,-0.6698272895812991,-0.4261020359028631,-0.243725253678436,0.6698272895812991,0.4261020359028631,0.243725253678436
4MBN,A,HIS,119,5.271589279174805,6.702863669296242,6.38,6.34,-1.0684107208251952,0.3628636692962424,0.040000000000000036,1.0684107208251952,0.3628636692962424,0.040000000000000036,-1.1084107208251952,0.32286366929624233,-1.4312743901214375,1.1084107208251952,0.32286366929624233,1.4312743901214375
1DWR,A,HIS,81,6.432251930236816,6.959525802416503,6.94,6.34,0.09225193023681656,0.6195258024165033,0.6000000000000005,0.09225193023681656,0.6195258024165033,0.6000000000000005,-0.507748069763184,0.019525802416502813,-0.5272738721796868,0.507748069763184,0.019525802416502813,0.5272738721796868
3RN3,A,HIS,48,5.894381523132324,8.056549337638675,6.0,6.34,-0.4456184768676757,1.716549337638675,-0.33999999999999986,0.4456184768676757,1.716549337638675,0.33999999999999986,-0.10561847686767578,2.0565493376386748,-2.1621678145063505,0.10561847686767578,2.0565493376386748,2.1621678145063505
1H4G,B,HIS,11,6.3287715911865225,5.13564416016636,6.52,6.34,-0.01122840881347642,-1.2043558398336396,0.17999999999999972,0.01122840881347642,1.2043558398336396,0.17999999999999972,-0.19122840881347702,-1.3843558398336393,1.1931274310201623,0.19122840881347702,1.3843558398336393,1.1931274310201623
2ZTA,A,HIS,18,6.192924499511719,6.373389736253157,6.24,6.34,-0.1470755004882811,0.033389736253156777,-0.09999999999999963,0.1470755004882811,0.033389736253156777,0.09999999999999963,-0.04707550048828146,0.13338973625315642,-0.18046523674143788,0.04707550048828146,0.13338973625315642,0.18046523674143788
1BVI,B,HIS,40,7.105029106140138,7.692651945927485,7.44,6.34,0.7650291061401369,1.3526519459274855,1.1000000000000003,0.7650291061401369,1.3526519459274855,1.1000000000000003,-0.3349708938598628,0.25265194592748497,-0.5876228397873478,0.3349708938598628,0.25265194592748497,0.5876228397873478
3SRN,A,HIS,12,6.460261344909668,7.036465663145537,6.03,6.34,0.12026134490966812,0.6964656631455375,-0.3099999999999996,0.12026134490966812,0.6964656631455375,0.3099999999999996,0.4302613449096677,1.006465663145537,-0.5762043182358694,0.4302613449096677,1.006465663145537,0.5762043182358694
1H4G,B,HIS,32,6.569584369659424,6.442796864836304,6.68,6.34,0.229584369659424,0.10279686483630446,0.33999999999999986,0.229584369659424,0.10279686483630446,0.33999999999999986,-0.11041563034057589,-0.2372031351636954,0.1267875048231195,0.11041563034057589,0.2372031351636954,0.1267875048231195
3SSI,A,HIS,106,5.382611274719238,6.754076772842063,6.0,6.34,-0.9573887252807616,0.4140767728420621,-0.33999999999999986,0.9573887252807616,0.4140767728420621,0.33999999999999986,-0.6173887252807617,0.7540767728420628,-1.3714654981228245,0.6173887252807617,0.7540767728420628,1.3714654981228245
1STG,A,HIS,8,6.411073207855225,6.4332936824450195,6.82,6.34,0.07107320785522475,0.09329368244501968,0.4800000000000004,0.07107320785522475,0.09329368244501968,0.4800000000000004,-0.4089267921447757,-0.38670631755498075,-0.022220474589794925,0.4089267921447757,0.38670631755498075,0.022220474589794925
1B2X,A,HIS,18,7.2148780822753915,7.973036137463808,7.75,6.34,0.8748780822753908,1.633036137463808,1.41,0.8748780822753908,1.633036137463808,1.41,-0.5351219177246085,0.2230361374638079,-0.7581580551884164,0.5351219177246085,0.2230361374638079,0.7581580551884164
4MBN,A,HIS,113,5.159612655639648,6.015342411743697,5.51,6.34,-1.1803873443603514,-0.3246575882563025,-0.8300000000000001,1.1803873443603514,0.3246575882563025,0.8300000000000001,-0.35038734436035135,0.5053424117436975,-0.8557297561040489,0.35038734436035135,0.5053424117436975,0.8557297561040489
2CPL,A,HIS,126,5.142150402069092,6.951639056466478,6.34,6.34,-1.1978495979309078,0.611639056466478,0.0,1.1978495979309078,0.611639056466478,0.0,-1.197849597930908,0.611639056466478,-1.809488654397386,1.197849597930908,0.611639056466478,1.809488654397386
1A6K,A,HIS,24,5.8559770584106445,4.57001771224425,6.2,6.34,-0.4840229415893553,-1.7699822877557496,-0.13999999999999968,0.4840229415893553,1.7699822877557496,0.13999999999999968,-0.34402294158935565,-1.62998228775575,1.2859593461663943,0.34402294158935565,1.62998228775575,1.2859593461663943
4HHB,A,HIS,72,7.2864036560058585,7.7597904555045965,7.3,6.34,0.9464036560058596,1.4197904555045966,0.96,0.9464036560058596,1.4197904555045966,0.96,-0.013596343994141336,0.45979045550459663,-0.47338679949873796,0.013596343994141336,0.45979045550459663,0.47338679949873796
4HHB,A,HIS,20,7.092965126037598,6.890832635552258,7.6,6.34,0.7529651260375978,0.5508326355522577,1.2599999999999998,0.7529651260375978,0.5508326355522577,1.2599999999999998,-0.507034873962402,-0.7091673644477421,0.2021324904853401,0.507034873962402,0.7091673644477421,0.2021324904853401
1DG9,A,HIS,66,7.410917282104492,8.213476810160065,8.29,6.34,1.0709172821044923,1.8734768101600647,1.9499999999999995,1.0709172821044923,1.8734768101600647,1.9499999999999995,-0.879082717895507,-0.07652318983993389,-0.8025595280555731,0.879082717895507,0.07652318983993389,0.8025595280555731
1KF3,A,HIS,105,5.229279518127441,6.57568844363712,6.5,6.34,-1.1107204818725585,0.2356884436371205,0.16000000000000014,1.1107204818725585,0.2356884436371205,0.16000000000000014,-1.2707204818725586,0.07568844363712035,-1.346408925509679,1.2707204818725586,0.07568844363712035,1.346408925509679
3SRN,B,HIS,119,6.177518367767334,5.982429196489602,6.33,6.34,-0.16248163223266587,-0.3575708035103977,-0.009999999999999787,0.16248163223266587,0.3575708035103977,0.009999999999999787,-0.1524816322326661,-0.34757080351039793,0.19508917127773184,0.1524816322326661,0.34757080351039793,0.19508917127773184
1BVI,B,HIS,27,7.47144889831543,6.944237928158167,7.57,6.34,1.1314488983154298,0.6042379281581676,1.2300000000000004,1.1314488983154298,0.6042379281581676,1.2300000000000004,-0.0985511016845706,-0.6257620718418329,0.5272109701572623,0.0985511016845706,0.6257620718418329,0.5272109701572623
1DE3,A,HIS,137,6.1349143981933585,5.738570265375812,5.8,6.34,-0.20508560180664048,-0.6014297346241877,-0.54,0.20508560180664048,0.6014297346241877,0.54,0.33491439819335866,-0.06142973462418766,0.3963441328175463,0.33491439819335866,0.06142973462418766,0.3963441328175463
1QH7,A,HIS,32,6.469406127929688,6.512321199558812,6.68,6.34,0.12940612792968764,0.1723211995588123,0.33999999999999986,0.12940612792968764,0.1723211995588123,0.33999999999999986,-0.21059387207031133,-0.16767880044118755,-0.04291507162912378,0.21059387207031133,0.16767880044118755,0.04291507162912378
4HHB,A,HIS,112,7.2894287109375,7.264272960836389,8.1,6.34,0.9494287109375,0.9242729608363892,1.7599999999999998,0.9494287109375,0.9242729608363892,1.7599999999999998,-0.8105712890624996,-0.8357270391636105,0.02515575010111082,0.8105712890624996,0.8357270391636105,0.02515575010111082
1DWR,A,HIS,116,6.774374485015869,5.917049459700492,6.79,6.34,0.4343744850158693,-0.4229505402995075,0.4500000000000002,0.4343744850158693,0.4229505402995075,0.4500000000000002,-0.015625514984130895,-0.8729505402995077,0.8573250253153768,0.015625514984130895,0.8729505402995077,0.8573250253153768
1A6K,A,HIS,12,6.593362808227539,6.637302778105685,6.29,6.34,0.2533628082275392,0.2973027781056849,-0.049999999999999815,0.2533628082275392,0.2973027781056849,0.049999999999999815,0.303362808227539,0.3473027781056848,-0.043939969878145746,0.303362808227539,0.3473027781056848,0.043939969878145746
1EPH,A,HIS,22,6.573191165924072,6.954127160609683,6.8,6.34,0.2331911659240724,0.6141271606096819,0.46,0.2331911659240724,0.6141271606096819,0.46,-0.22680883407592756,0.1541271606096828,-0.38093599468561035,0.22680883407592756,0.1541271606096828,0.38093599468561035
1QH7,A,HIS,11,4.895498752593994,5.2720870379253935,6.52,6.34,-1.4445012474060055,-1.0679129620746064,0.17999999999999972,1.4445012474060055,1.0679129620746064,0.17999999999999972,-1.6245012474060054,-1.2479129620746061,-0.3765882853313993,1.6245012474060054,1.2479129620746061,0.3765882853313993
6GST,A,HIS,83,6.729100227355957,6.7153877361494025,5.18,6.34,0.3891002273559572,0.3753877361494027,-1.16,0.3891002273559572,0.3753877361494027,1.16,1.5491002273559573,1.5353877361494028,0.013712491206554489,1.5491002273559573,1.5353877361494028,0.013712491206554489
1LZ1,A,HIS,78,6.790573120117188,7.22912562629896,7.12,6.34,0.4505731201171877,0.8891256262989602,0.7800000000000002,0.4505731201171877,0.8891256262989602,0.7800000000000002,-0.3294268798828117,0.10912562629895994,-0.43855250618177166,0.3294268798828117,0.10912562629895994,0.43855250618177166
