PDB ID,Chain,Res Name,Res ID,Pre pKa,Cal pKa,Expt pKa,model pKa,Pre pKa shift,Cal pKa shift,Expt pKa shift,|Pre pKa shift|,|Cal pKa shift|,|Expt pKa shift|,Pre - Expt pKa,Cal - Expt pKa,Pre - Cal pKa,|Pre - Expt pKa|,|Cal - Expt pKa|,|Pre - Cal pKa|
1DG9,A,HIS,72,6.043894767761231,6.695494698327893,9.19,6.34,-0.2961052322387694,0.3554946983278944,2.85,0.2961052322387694,0.3554946983278944,2.85,-3.146105232238768,-2.494505301672106,-0.651599930566662,3.146105232238768,2.494505301672106,0.651599930566662
1H4G,B,HIS,60,5.34627628326416,4.081237269671108,4.01,6.34,-0.9937237167358396,-2.2587627303288915,-2.33,0.9937237167358396,2.2587627303288915,2.33,1.3362762832641604,0.07123726967110855,1.2650390135930518,1.3362762832641604,0.07123726967110855,1.2650390135930518
1QH7,A,HIS,60,4.99896240234375,4.100758671409394,4.01,6.34,-1.34103759765625,-2.2392413285906057,-2.33,1.34103759765625,2.2392413285906057,2.33,0.9889624023437502,0.09075867140939398,0.8982037309343562,0.9889624023437502,0.09075867140939398,0.8982037309343562
1A6K,A,HIS,36,7.392399311065674,7.944717158614715,8.06,6.34,1.0523993110656742,1.604717158614715,1.7200000000000006,1.0523993110656742,1.604717158614715,1.7200000000000006,-0.6676006889343267,-0.11528284138528555,-0.5523178475490411,0.6676006889343267,0.11528284138528555,0.5523178475490411
1LNI,A,HIS,53,7.2189435958862305,8.854238331157928,8.27,6.34,0.8789435958862306,2.5142383311579284,1.93,0.8789435958862306,2.5142383311579284,1.93,-1.051056404113769,0.5842383311579287,-1.6352947352716978,1.051056404113769,0.5842383311579287,1.6352947352716978
1DG9,A,HIS,66,7.410917282104492,8.213476810160065,8.29,6.34,1.0709172821044923,1.8734768101600647,1.9499999999999995,1.0709172821044923,1.8734768101600647,1.9499999999999995,-0.879082717895507,-0.07652318983993389,-0.8025595280555731,0.879082717895507,0.07652318983993389,0.8025595280555731
4HHB,A,HIS,112,7.2894287109375,7.264272960836389,8.1,6.34,0.9494287109375,0.9242729608363892,1.7599999999999998,0.9494287109375,0.9242729608363892,1.7599999999999998,-0.8105712890624996,-0.8357270391636105,0.02515575010111082,0.8105712890624996,0.8357270391636105,0.02515575010111082
1A6K,A,HIS,48,6.311789989471436,4.935213231539102,5.25,6.34,-0.02821001052856431,-1.404786768460898,-1.09,0.02821001052856431,1.404786768460898,1.09,1.0617899894714364,-0.31478676846089826,1.3765767579323347,1.0617899894714364,0.31478676846089826,1.3765767579323347
4MBN,A,HIS,36,7.22516918182373,7.7388538537864004,7.83,6.34,0.8851691818237306,1.3988538537864006,1.4900000000000002,0.8851691818237306,1.3988538537864006,1.4900000000000002,-0.6048308181762705,-0.09114614621359962,-0.5136846719626709,0.6048308181762705,0.09114614621359962,0.5136846719626709
1DE3,A,HIS,150,6.24846076965332,6.0956377648908,7.6,6.34,-0.09153923034667956,-0.2443622351092003,1.2599999999999998,0.09153923034667956,0.2443622351092003,1.2599999999999998,-1.3515392303466793,-1.5043622351092,0.15282300476252075,1.3515392303466793,1.5043622351092,0.15282300476252075
4HHB,A,HIS,20,7.092965126037598,6.890832635552258,7.6,6.34,0.7529651260375978,0.5508326355522577,1.2599999999999998,0.7529651260375978,0.5508326355522577,1.2599999999999998,-0.507034873962402,-0.7091673644477421,0.2021324904853401,0.507034873962402,0.7091673644477421,0.2021324904853401
1B2X,A,HIS,18,7.2148780822753915,7.973036137463808,7.75,6.34,0.8748780822753908,1.633036137463808,1.41,0.8748780822753908,1.633036137463808,1.41,-0.5351219177246085,0.2230361374638079,-0.7581580551884164,0.5351219177246085,0.2230361374638079,0.7581580551884164
1DWR,A,HIS,36,7.264784336090088,8.12488608368869,7.8,6.34,0.924784336090088,1.7848860836886902,1.46,0.924784336090088,1.7848860836886902,1.46,-0.5352156639099119,0.32488608368869,-0.8601017475986019,0.5352156639099119,0.32488608368869,0.8601017475986019
1STN,A,HIS,121,5.5298027992248535,6.156088088599317,5.3,6.34,-0.8101972007751463,-0.18391191140068308,-1.04,0.8101972007751463,0.18391191140068308,1.04,0.2298027992248537,0.856088088599317,-0.6262852893744633,0.2298027992248537,0.856088088599317,0.6262852893744633
6GST,A,HIS,83,6.729100704193115,6.7153877361494025,5.18,6.34,0.3891007041931154,0.3753877361494027,-1.16,0.3891007041931154,0.3753877361494027,1.16,1.5491007041931155,1.5353877361494028,0.013712968043712692,1.5491007041931155,1.5353877361494028,0.013712968043712692
1BNI,B,HIS,18,7.330759525299072,8.011892697248953,7.75,6.34,0.9907595252990724,1.6718926972489534,1.41,0.9907595252990724,1.6718926972489534,1.41,-0.41924047470092773,0.26189269724895325,-0.681133171949881,0.41924047470092773,0.26189269724895325,0.681133171949881
1YGW,A,HIS,27,8.174947738647461,6.7860854361819625,7.57,6.34,1.8349477386474609,0.4460854361819626,1.2300000000000004,1.8349477386474609,0.4460854361819626,1.2300000000000004,0.6049477386474607,-0.7839145638180378,1.3888623024654985,0.6049477386474607,0.7839145638180378,1.3888623024654985
1BVI,B,HIS,40,7.105029106140138,7.692651945927485,7.44,6.34,0.7650291061401369,1.3526519459274855,1.1000000000000003,0.7650291061401369,1.3526519459274855,1.1000000000000003,-0.3349708938598628,0.25265194592748497,-0.5876228397873478,0.3349708938598628,0.25265194592748497,0.5876228397873478
6GST,A,HIS,167,7.427308559417725,6.5308048723796395,7.77,6.34,1.0873085594177248,0.1908048723796396,1.4299999999999995,1.0873085594177248,0.1908048723796396,1.4299999999999995,-0.34269144058227496,-1.23919512762036,0.8965036870380851,0.34269144058227496,1.23919512762036,0.8965036870380851
1DE3,A,HIS,50,6.287810325622559,7.582296683754665,7.7,6.34,-0.052189674377441264,1.2422966837546652,1.3600000000000003,0.052189674377441264,1.2422966837546652,1.3600000000000003,-1.4121896743774416,-0.11770331624533537,-1.2944863581321062,1.4121896743774416,0.11770331624533537,1.2944863581321062
1YGW,A,HIS,40,5.38258171081543,7.48862191855934,7.44,6.34,-0.9574182891845702,1.14862191855934,1.1000000000000003,0.9574182891845702,1.14862191855934,1.1000000000000003,-2.0574182891845707,0.048621918559339505,-2.10604020774391,2.0574182891845707,0.048621918559339505,2.10604020774391
1BVI,B,HIS,27,7.47144889831543,6.944237928158167,7.57,6.34,1.1314488983154298,0.6042379281581676,1.2300000000000004,1.1314488983154298,0.6042379281581676,1.2300000000000004,-0.0985511016845706,-0.6257620718418329,0.5272109701572623,0.0985511016845706,0.6257620718418329,0.5272109701572623
1A6K,A,HIS,97,4.785409450531006,4.236466577979273,5.63,6.34,-1.5545905494689942,-2.1035334220207265,-0.71,1.5545905494689942,2.1035334220207265,0.71,-0.844590549468994,-1.3935334220207265,0.5489428725517325,0.844590549468994,1.3935334220207265,0.5489428725517325
4HHB,A,HIS,72,7.2864036560058585,7.7597904555045965,7.3,6.34,0.9464036560058596,1.4197904555045966,0.96,0.9464036560058596,1.4197904555045966,0.96,-0.013596343994141336,0.45979045550459663,-0.47338679949873796,0.013596343994141336,0.45979045550459663,0.47338679949873796
4HHB,A,HIS,89,6.61913537979126,6.3514247409942195,7.2,6.34,0.2791353797912599,0.01142474099421964,0.8600000000000003,0.2791353797912599,0.01142474099421964,0.8600000000000003,-0.5808646202087404,-0.8485752590057807,0.26771063879704027,0.5808646202087404,0.8485752590057807,0.26771063879704027
1DE3,A,HIS,35,7.0705013275146475,6.468527482288987,6.3,6.34,0.7305013275146486,0.12852748228898747,-0.040000000000000036,0.7305013275146486,0.12852748228898747,0.040000000000000036,0.7705013275146477,0.1685274822889875,0.6019738452256602,0.7705013275146477,0.1685274822889875,0.6019738452256602
1A6K,A,HIS,12,6.593362808227539,6.637302778105685,6.29,6.34,0.2533628082275392,0.2973027781056849,-0.049999999999999815,0.2533628082275392,0.2973027781056849,0.049999999999999815,0.303362808227539,0.3473027781056848,-0.043939969878145746,0.303362808227539,0.3473027781056848,0.043939969878145746
1DE3,A,HIS,36,6.939291954040527,7.003786974652817,6.8,6.34,0.5992919540405275,0.6637869746528171,0.46,0.5992919540405275,0.6637869746528171,0.46,0.13929195404052752,0.20378697465281714,-0.06449502061228962,0.13929195404052752,0.20378697465281714,0.06449502061228962
3SRN,A,HIS,105,6.150172233581543,6.393897964097137,6.82,6.34,-0.1898277664184569,0.05389796409713732,0.4800000000000004,0.1898277664184569,0.05389796409713732,0.4800000000000004,-0.6698277664184573,-0.4261020359028631,-0.2437257305155942,0.6698277664184573,0.4261020359028631,0.2437257305155942
1A6K,A,HIS,116,6.2055397033691415,5.85659443560221,6.49,6.34,-0.13446029663085926,-0.4834055643977901,0.15000000000000036,0.13446029663085926,0.4834055643977901,0.15000000000000036,-0.2844602966308587,-0.6334055643977905,0.3489452677669318,0.2844602966308587,0.6334055643977905,0.3489452677669318
2ZTA,A,HIS,18,6.192924499511719,6.373389736253157,6.24,6.34,-0.1470755004882811,0.033389736253156777,-0.09999999999999963,0.1470755004882811,0.033389736253156777,0.09999999999999963,-0.04707550048828146,0.13338973625315642,-0.18046523674143788,0.04707550048828146,0.13338973625315642,0.18046523674143788
